ID,Label
1,0
2,1
3,0
11,0
13,1
20,0
23,0
29,0
30,1
31,0
33,1
38,1
44,0
45,0
46,0
48,1
50,1
54,1
71,1
72,0
74,1
75,1
78,0
80,1
81,0
83,1
86,0
89,0
93,0
102,0
104,0
111,0
112,1
113,1
122,1
128,0
130,1
133,1
135,1
144,1
145,0
146,1
147,0
150,1
153,0
154,0
159,0
164,1
165,1
168,0
176,1
178,1
183,1
189,0
190,0
192,0
195,1
198,1
203,0
205,1
206,0
211,0
216,1
223,0
224,1
225,1
227,0
230,1
240,1
242,1
244,1
245,0
247,1
248,1
250,1
259,1
272,0
279,1
281,1
287,0
293,1
300,1
305,0
310,0
311,1
313,0
315,0
318,1
319,1
323,0
335,0
337,0
338,0
342,0
343,0
348,1
349,1
350,1
351,0
353,1
355,0
360,0
364,0
365,1
370,0
373,1
376,1
377,0
379,0
386,0
388,0
390,1
394,0
395,1
400,0
403,0
404,1
409,0
410,1
411,0
422,0
425,1
426,0
429,0
434,0
435,1
436,1
438,0
444,0
450,1
451,0
454,1
463,1
471,1
472,0
475,1
476,0
477,1
479,0
481,1
487,1
491,0
494,0
501,0
502,0
510,0
513,1
520,1
522,0
524,1
529,1
533,1
534,1
539,1
549,1
553,0
554,0
557,0
562,1
567,1
570,0
577,0
578,0
579,0
585,1
592,0
593,0
594,0
598,1
600,1
603,1
604,1
612,1
613,1
615,1
622,1
624,1
627,0
632,1
638,1
640,1
647,1
648,1
653,0
660,1
663,0
667,0
672,1
679,1
681,1
692,1
694,1
695,0
701,1
704,1
706,0
708,0
725,1
727,1
736,1
737,0
743,1
745,0
746,0
757,0
763,0
765,0
775,0
779,0
780,0
783,1
786,1
787,1
788,1
789,1
797,0
800,0
807,0
812,0
813,0
815,1
822,1
823,0
833,0
845,0
846,0
848,1
849,1
866,1
871,0
872,0
876,0
879,1
880,0
885,1
897,1
900,0
902,1
905,0
907,1
910,0
912,0
914,1
918,0
921,1
923,0
924,1
932,1
934,0
936,1
938,1
945,1
946,1
954,1
957,1
967,1
968,1
972,0
978,0
985,0
991,0
993,1
995,1
1003,0
1007,0
1011,1
1016,0
1025,1
1026,1
1027,1
1036,1
1043,1
1045,1
1054,0
1055,0
1056,0
1058,0
1074,1
1077,1
1081,1
1085,0
1086,1
1088,0
1089,0
1090,0
1091,0
1112,0
1115,0
1116,1
1117,0
1122,0
1123,1
1124,1
1131,1
1134,1
1145,0
1151,0
1155,0
1161,1
1164,0
1165,0
1166,1
1177,0
1186,0
1188,1
1189,1
1190,0
1191,0
1192,0
1195,1
1199,0
1201,1
1205,0
1207,0
1213,0
1216,1
1217,0
1218,0
1221,1
1227,1
1230,0
1235,1
1238,1
1239,1
1240,0
1258,0
1259,1
1267,1
1269,0
1272,1
1281,1
1282,0
1285,1
1286,0
1292,1
1300,0
1301,0
1307,1
1319,0
1324,1
1328,0
1332,1
1334,1
1337,1
1350,0
1355,0
1357,0
1361,0
1362,1
1363,0
1365,1
1372,0
1373,0
1386,0
1387,0
1393,0
1395,0
1399,0
1404,1
1410,0
1411,1
1412,1
1414,1
1416,1
1419,1
1422,0
1424,0
1435,1
1451,1
1452,1
1463,1
1472,0
1475,1
1478,0
1481,1
1489,1
1490,0
1493,0
1494,1
1501,1
1505,1
1507,1
1520,0
1521,0
1524,0
1525,0
1527,1
1529,1
1530,1
1532,1
1533,0
1538,1
1547,0
1549,0
1551,0
1553,1
1577,1
1579,1
1583,0
1588,0
1592,0
1596,1
1601,1
1607,0
1608,1
1614,1
1618,0
1620,1
1623,0
1625,0
1636,0
1640,1
1643,0
1649,0
1651,0
1659,1
1660,1
1665,0
1666,1
1671,1
1674,0
1675,1
1676,0
1681,0
1684,0
1695,0
1696,0
1698,0
1705,1
1709,0
1712,1
1713,0
1714,0
1716,1
1717,1
1719,0
1724,1
1725,0
1728,1
1730,0
1732,1
1734,0
1744,1
1751,0
1760,1
1776,0
1796,0
1797,0
1808,0
1812,0
1817,1
1822,0
1823,1
1830,1
1831,0
1832,1
1836,0
1838,0
1841,0
1847,1
1848,1
1852,1
1854,0
1861,0
1866,0
1872,1
1875,0
1877,0
1890,1
1892,0
1895,0
1896,0
1902,1
1904,1
1908,1
1911,0
1918,0
1919,0
1929,1
1932,0
1934,0
1936,0
1937,1
1939,0
1940,0
1943,0
1944,1
1945,0
1946,1
1952,1
1953,0
1954,1
1957,1
1958,0
1960,0
1961,1
1962,0
1964,1
1970,0
1971,1
1972,0
1977,0
1979,0
1985,0
1994,0
1997,1
2001,0
2003,1
2005,1
2007,0
2012,1
2015,1
2016,1
2018,1
2019,1
2020,1
2023,0
2026,0
2033,0
2035,0
2039,0
2043,1
2044,0
2045,1
2048,0
2052,1
2055,0
2057,0
2062,1
2069,0
2070,1
2072,1
2073,0
2083,0
2093,1
2098,0
2099,1
2110,1
2114,1
2116,0
2117,0
2118,1
2122,1
2126,1
2128,0
2129,1
2130,0
2132,1
2135,0
2141,1
2143,1
2144,0
2146,1
2151,0
2153,1
2156,0
2159,1
2170,1
2171,1
2175,1
2176,0
2186,0
2188,0
2189,0
2190,1
2198,0
2199,1
2215,0
2216,0
2220,1
2223,0
2230,1
2238,0
2242,0
2244,0
2249,1
2250,0
2257,0
2276,1
2277,1
2280,1
2285,1
2287,1
2291,0
2294,1
2297,1
2298,1
2300,0
2304,0
2305,1
2307,1
2311,0
2316,0
2342,0
2345,1
2348,0
2354,1
2355,1
2357,1
2358,1
2359,1
2361,0
2363,1
2365,0
2367,0
2368,0
2373,1
2378,1
2381,0
2388,1
2393,1
2399,0
2404,1
2408,1
2412,1
2415,1
2416,1
2429,0
2431,0
2438,1
2440,0
2442,0
2450,1
2451,1
2452,1
2453,1
2454,0
2460,0
2470,1
2476,1
2480,0
2486,0
2487,1
2491,0
2493,1
2496,1
2498,0
2510,1
2511,0
2512,0
2513,1
2523,0
2524,1
2532,1
2537,0
2540,1
2550,0
2556,1
2564,0
2565,0
2568,0
2572,1
2573,0
2578,1
2579,1
2580,1
2581,1
2583,1
2590,1
2594,1
2603,0
2610,1
2613,0
2614,0
2615,1
2626,0
2627,0
2633,1
2635,0
2636,1
2645,1
2660,1
2663,1
2666,1
2667,0
2669,0
2670,0
2674,0
2681,0
2686,1
2689,1
2693,0
2694,1
2696,1
2697,1
2699,1
2700,1
2702,0
2706,1
2707,1
2708,1
2710,1
2711,0
2718,1
2719,1
2722,0
2730,1
2733,1
2737,1
2741,0
2746,1
2751,0
2754,0
2755,0
2756,1
2761,0
2763,0
2764,1
2770,0
2771,0
2773,1
2777,1
2781,0
2790,0
2793,0
2797,0
2813,0
2814,0
2818,1
2819,0
2825,1
2832,1
2834,1
2840,1
2841,1
2850,0
2854,1
2855,0
2858,0
2862,0
2863,1
2869,1
2871,1
2873,1
2874,1
2882,0
2891,0
2894,0
2896,1
2897,0
2904,0
2905,1
2907,0
2910,0
2912,1
2919,1
2921,0
2922,1
2927,1
2929,0
2933,1
2939,1
2950,1
2959,1
2973,0
2984,1
2988,1
2991,1
2992,1
2995,1
3000,0
3020,0
3021,1
3024,1
3025,1
3030,1
3031,0
3032,0
3033,0
3035,1
3042,1
3044,0
3048,0
3055,1
3062,0
3065,0
3069,0
3070,1
3074,1
3076,0
3082,1
3085,0
3086,0
3087,0
3088,1
3090,1
3091,1
3092,1
3093,1
3096,1
3097,1
3100,0
3101,1
3108,0
3119,1
3125,1
3126,1
3127,0
3132,0
3141,1
3142,0
3148,1
3150,0
3152,1
3154,1
3156,0
3169,1
3171,1
3173,1
3176,1
3179,0
3183,1
3186,0
3187,1
3199,0
3202,1
3203,1
3211,0
3216,0
3227,1
3232,1
3236,1
3245,0
3246,1
3247,0
3248,0
3253,0
3254,0
3258,1
3260,0
3262,1
3270,0
3273,1
3277,1
3282,0
3287,1
3300,0
3313,0
3316,1
3326,1
3330,1
3331,1
3336,1
3337,0
3339,0
3341,0
3342,0
3344,0
3354,1
3355,1
3356,0
3358,0
3369,1
3370,1
3378,1
3379,0
3380,0
3382,0
3385,1
3389,0
3390,0
3393,0
3394,1
3401,0
3406,0
3412,1
3419,0
3422,0
3424,0
3429,1
3430,1
3433,0
3434,1
3435,1
3436,1
3440,1
3441,1
3446,1
3447,0
3451,1
3453,0
3462,0
3464,1
3466,1
3471,0
3473,0
3475,0
3479,0
3494,1
3498,0
3511,0
3518,1
3522,1
3529,0
3534,1
3540,1
3548,0
3553,0
3554,1
3560,0
3571,0
3572,0
3573,1
3575,1
3576,0
3582,1
3583,0
3584,1
3596,1
3598,1
3608,1
3609,1
3613,0
3616,0
3619,1
3630,1
3637,0
3639,0
3641,1
3642,0
3644,1
3646,1
3647,0
3648,0
3650,0
3653,0
3654,0
3655,0
3662,0
3663,0
3664,1
3666,0
3670,1
3677,1
3680,1
3681,0
3682,0
3683,1
3686,1
3689,1
3691,1
3695,1
3705,1
3709,1
3715,0
3718,1
3731,0
3732,0
3735,1
3737,0
3743,1
3744,0
3746,0
3747,0
3748,0
3752,1
3753,1
3756,0
3757,0
3758,0
3764,1
3773,0
3777,0
3780,1
3781,0
3787,0
3792,0
3798,0
3802,0
3803,1
3807,1
3811,1
3812,0
3819,0
3826,1
3830,1
3831,0
3834,1
3835,1
3836,1
3847,0
3848,0
3854,0
3862,0
3865,0
3866,1
3872,1
3875,1
3876,0
3878,1
3883,1
3885,0
3896,0
3902,1
3907,1
3910,1
3913,0
3922,0
3928,1
3929,1
3932,1
3934,1
3937,0
3941,0
3950,1
3961,1
3963,0
3967,0
3968,1
3970,1
3975,1
3976,1
3979,1
3981,0
3982,1
3987,0
3988,1
3994,1
4003,1
4006,1
4008,1
4020,0
4021,0
4022,1
4024,1
4025,0
4026,1
4027,0
4028,0
4036,0
4043,0
4047,0
4048,1
4050,0
4055,0
4057,0
4061,0
4069,1
4071,0
4074,1
4080,0
4081,0
4088,1
4102,0
4103,1
4105,0
4107,0
4115,1
4118,0
4124,1
4127,1
4128,0
4129,1
4131,0
4134,0
4142,1
4146,0
4147,0
4158,1
4172,0
4173,1
4180,0
4181,0
4184,0
4188,1
4190,1
4192,0
4194,1
4195,0
4199,1
4208,1
4212,0
4215,0
4219,0
4224,1
4230,1
4236,0
4237,0
4239,1
4246,0
4251,0
4252,0
4261,1
4267,0
4269,0
4270,0
4271,0
4272,1
4273,1
4274,0
4277,1
4289,0
4298,0
4305,0
4309,1
4316,1
4324,0
4326,0
4327,0
4328,0
4333,1
4335,0
4341,1
4353,1
4358,0
4360,1
4361,1
4371,1
4378,1
4379,0
4385,1
4393,0
4395,0
4399,0
4400,1
4402,0
4411,1
4412,1
4415,0
4420,1
4426,1
4427,0
4432,0
4433,0
4436,0
4437,0
4438,0
4449,1
4453,0
4461,1
4469,1
4474,1
4477,0
4482,0
4483,0
4487,0
4490,1
4502,0
4509,0
4512,1
4514,0
4520,1
4536,0
4537,0
4538,1
4542,1
4555,0
4557,1
4559,1
4564,0
4565,0
4567,1
4570,0
4573,1
4574,0
4579,1
4585,1
4588,1
4590,0
4593,1
4599,1
4601,1
4603,1
4614,0
4615,0
4616,1
4619,0
4622,0
4623,1
4627,0
4632,0
4634,1
4641,1
4646,0
4651,1
4652,1
4654,0
4657,1
4663,1
4673,1
4675,1
4683,0
4686,1
4694,0
4696,0
4706,1
4707,0
4715,0
4719,1
4721,0
4724,0
4730,0
4733,0
4734,0
4741,0
4742,0
4747,1
4749,0
4758,0
4759,1
4760,1
4768,0
4769,0
4777,1
4782,0
4784,0
4786,1
4789,0
4791,1
4796,0
4798,1
4804,0
4807,0
4809,0
4813,1
4816,0
4821,1
4822,1
4827,0
4828,0
4836,0
4839,0
4840,1
4844,0
4845,1
4849,0
4868,1
4875,1
4882,1
4893,1
4900,0
4906,0
4907,0
4914,1
4925,1
4926,1
4927,1
4931,0
4932,0
4941,1
4943,1
4962,1
4967,0
4969,1
4972,0
4974,0
4979,1
4980,0
4984,0
4992,1
4998,0
5001,0
5011,1
5013,1
5015,0
5023,0
5025,0
5027,1
5029,1
5030,1
5033,1
5037,0
5042,1
5045,0
5046,1
5047,1
5052,1
5057,0
5058,0
5061,0
5062,0
5064,0
5072,1
5074,0
5083,0
5084,0
5086,1
5092,0
5098,1
5100,0
5102,1
5108,1
5109,1
5115,1
5116,0
5117,0
5121,1
5126,0
5131,1
5133,0
5149,1
5162,1
5165,1
5173,1
5174,0
5175,0
5178,0
5182,1
5185,1
5186,1
5192,1
5198,1
5208,1
5210,1
5216,1
5220,0
5223,1
5225,0
5227,0
5229,0
5231,1
5239,1
5247,0
5252,1
5257,0
5259,0
5261,0
5263,1
5267,1
5269,1
5281,1
5282,0
5287,1
5294,0
5298,0
5299,0
5301,0
5302,0
5306,1
5308,1
5313,1
5318,0
5319,0
5324,1
5325,1
5327,1
5328,1
5330,1
5335,1
5336,1
5340,1
5342,0
5351,1
5360,0
5361,0
5362,1
5381,0
5382,1
5389,1
5395,1
5397,1
5402,0
5405,0
5411,1
5413,1
5416,1
5419,1
5420,0
5422,0
5424,1
5428,1
5438,0
5445,0
5451,1
5456,1
5457,0
5458,0
5460,0
5463,1
5464,1
5467,1
5469,1
5476,0
5477,1
5478,1
5480,1
5482,1
5485,1
5486,1
5488,1
5489,1
5490,1
5492,1
5495,1
5496,0
5497,1
5499,0
5501,0
5509,0
5515,0
5528,0
5534,1
5538,1
5542,1
5545,0
5551,0
5552,0
5556,0
5558,1
5559,0
5561,0
5564,0
5568,0
5569,0
5576,0
5582,1
5583,1
5591,1
5592,1
5595,1
5597,0
5599,0
5600,1
5602,1
5604,0
5609,0
5611,1
5616,0
5620,1
5623,1
5625,0
5627,1
5629,1
5631,0
5633,1
5635,0
5643,0
5644,0
5650,1
5653,1
5657,0
5659,0
5660,0
5664,0
5665,1
5670,0
5682,1
5683,1
5700,0
5705,0
5706,0
5711,0
5723,1
5725,1
5731,0
5736,1
5744,1
5749,1
5753,0
5767,0
5768,1
5770,0
5771,1
5773,1
5776,0
5781,1
5785,1
5789,0
5791,1
5793,1
5797,0
5802,0
5808,1
5809,1
5812,0
5814,1
5827,1
5831,0
5832,1
5837,1
5846,0
5855,0
5862,0
5865,1
5878,0
5880,1
5883,0
5888,1
5891,0
5895,0
5903,0
5908,1
5911,1
5912,0
5917,1
5918,1
5930,1
5931,0
5953,1
5958,0
5961,0
5965,1
5967,1
5970,1
5975,0
5977,1
5983,1
5986,0
5987,0
5991,1
5992,1
5994,0
5996,1
6003,1
6007,1
6011,1
6013,0
6020,1
6021,1
6024,0
6026,0
6036,1
6040,1
6044,1
6048,1
6050,0
6051,1
6059,0
6061,0
6063,1
6065,1
6067,0
6068,1
6072,1
6075,1
6077,0
6078,1
6080,0
6083,1
6087,1
6088,1
6089,1
6090,1
6091,1
6098,0
6103,1
6106,0
6108,1
6109,1
6114,1
6115,1
6124,1
6127,0
6145,0
6152,1
6154,1
6155,1
6156,0
6161,1
6163,0
6164,1
6167,0
6172,0
6174,0
6197,1
6198,0
6200,1
6202,1
6205,1
6206,0
6212,0
6222,0
6230,0
6233,0
6237,1
6238,0
6241,0
6246,1
6247,0
6250,1
6255,1
6260,0
6264,1
6266,0
6267,1
6270,0
6271,1
6272,0
6280,0
6285,1
6295,0
6297,1
6304,0
6309,1
6312,0
6314,1
6323,0
6325,1
6327,0
6329,1
6332,1
6333,1
6337,0
6339,1
6354,0
6357,0
6358,1
6363,1
6364,0
6370,0
6371,0
6374,1
6376,1
6379,0
6381,0
6387,1
6400,0
6406,1
6411,1
6414,0
6419,0
6420,1
6429,1
6430,1
6441,0
6449,0
6451,0
6454,0
6464,0
6468,1
6472,1
6473,1
6476,1
6479,1
6483,0
6487,0
6488,1
6508,0
6511,0
6512,0
6514,1
6518,1
6523,1
6528,1
6530,1
6533,1
6538,1
6547,0
6553,1
6554,0
6559,0
6560,0
6562,1
6569,1
6570,1
6578,1
6584,1
6592,0
6593,0
6596,1
6600,0
6601,0
6605,0
6609,0
6610,1
6618,1
6619,1
6624,1
6625,1
6626,0
6627,1
6631,0
6633,0
6635,1
6640,0
6642,0
6643,0
6644,0
6649,0
6651,1
6654,0
6655,0
6659,0
6666,1
6667,1
6676,0
6687,1
6689,0
6696,1
6702,1
6709,0
6710,0
6719,0
6720,1
6722,1
6730,0
6731,1
6735,1
6736,0
6738,0
6743,0
6744,1
6750,1
6752,0
6754,0
6755,0
6757,0
6763,0
6772,1
6774,0
6775,1
6776,0
6777,0
6778,0
6782,0
6789,0
6791,0
6792,1
6795,0
6805,1
6811,0
6818,0
6819,0
6820,1
6826,1
6831,0
6834,0
6839,1
6841,1
6843,1
6845,1
6848,0
6854,1
6855,1
6863,1
6864,0
6870,1
6871,0
6873,1
6874,0
6885,1
6886,1
6887,1
6888,1
6905,1
6906,1
6914,0
6917,0
6919,1
6921,0
6924,0
6926,0
6934,0
6938,0
6941,0
6951,0
6958,0
6959,1
6963,0
6965,0
6966,0
6967,1
6974,1
6980,1
6985,0
6995,1
6996,1
7000,1
7002,1
7004,1
7007,1
7010,1
7011,0
7014,0
7016,1
7017,0
7018,0
7032,1
7033,0
7037,0
7051,1
7052,1
7053,1
7061,0
7067,0
7073,0
7076,1
7078,1
7079,1
7087,0
7088,0
7093,0
7097,0
7099,1
7100,1
7102,0
7112,0
7115,0
7125,1
7129,0
7131,0
7132,0
7133,0
7134,1
7141,1
7142,1
7154,0
7155,1
7157,1
7161,1
7164,1
7169,1
7171,1
7172,1
7177,1
7182,0
7183,1
7184,0
7186,0
7187,1
7189,0
7193,0
7195,0
7197,0
7206,0
7208,1
7209,0
7216,0
7217,0
7218,1
7226,1
7227,1
7228,0
7229,1
7234,1
7241,1
7245,0
7247,1
7248,1
7255,0
7256,0
7258,1
7265,1
7267,1
7274,1
7284,0
7290,0
7291,0
7296,1
7301,1
7303,1
7311,0
7313,1
7314,0
7315,0
7321,1
7322,0
7328,1
7332,0
7334,1
7337,1
7339,0
7345,0
7351,0
7354,1
7356,1
7357,0
7360,0
7367,0
7372,0
7376,0
7383,1
7396,1
7398,0
7406,0
7414,0
7418,1
7420,0
7422,0
7427,0
7435,0
7440,1
7442,1
7448,0
7451,1
7453,1
7458,1
7459,0
7461,1
7462,1
7464,0
7470,0
7474,1
7475,0
7476,0
7477,0
7482,1
7484,1
7485,1
7496,1
7500,0
7502,1
7508,0
7510,0
7517,0
7519,1
7523,0
7525,1
7532,0
7537,1
7538,0
7544,0
7545,0
7546,1
7548,1
7549,1
7557,0
7559,0
7562,0
7563,0
7574,0
7575,1
7579,1
7581,0
7584,0
7585,0
7587,1
7588,1
7597,1
7603,0
7608,0
7610,0
7614,0
7617,0
7620,1
7621,0
7622,1
7623,1
7625,1
7627,1
7630,0
7634,0
7638,0
7644,1
7652,0
7661,1
7664,1
7667,1
7668,1
7671,1
7675,0
7678,0
7681,0
7682,1
7690,1
7691,1
7694,1
7697,0
7701,0
7705,0
7712,1
7719,1
7725,1
7736,1
7737,1
7743,1
7744,0
7745,1
7746,0
7747,1
7748,1
7750,0
7752,0
7753,0
7758,1
7765,1
7767,1
7769,1
7775,1
7782,1
7787,0
7788,0
7789,0
7790,0
7791,1
7800,1
7801,0
7803,1
7808,0
7816,0
7817,0
7818,1
7821,0
7826,0
7836,0
7841,1
7842,1
7843,1
7847,0
7849,0
7850,1
7855,0
7856,0
7866,0
7868,1
7871,0
7874,1
7881,1
7883,1
7886,1
7887,1
7895,0
7897,0
7904,0
7906,0
7912,1
7919,0
7920,0
7921,0
7926,0
7928,1
7929,0
7930,1
7934,0
7942,0
7966,0
7973,1
7978,0
7979,1
7985,1
7987,0
7989,0
7990,1
7998,0
8002,1
8006,0
8009,1
8020,0
8023,0
8030,1
8038,1
8039,0
8040,1
8046,1
8053,1
8057,0
8058,1
8059,1
8061,1
8066,1
8067,1
8071,1
8078,0
8079,0
8084,1
8086,0
8087,0
8094,0
8097,1
8100,1
8103,1
8113,1
8117,0
8121,1
8122,0
8125,0
8131,0
8137,1
8143,1
8145,0
8148,0
8153,1
8155,1
8164,0
8165,1
8166,0
8177,1
8178,1
8179,0
8180,1
8184,1
8189,0
8191,0
8192,0
8194,1
8195,0
8197,0
8204,0
8212,0
8213,1
8214,1
8221,1
8226,0
8234,0
8237,0
8238,0
8243,0
8246,0
8248,1
8253,0
8257,1
8258,0
8259,1
8264,1
8268,1
8274,1
8281,0
8289,0
8294,0
8295,1
8296,0
8301,0
8304,0
8309,1
8312,1
8321,1
8325,0
8327,1
8330,0
8338,1
8339,0
8342,0
8344,0
8345,0
8350,0
8359,0
8360,0
8362,1
8367,0
8368,1
8371,1
8376,0
8387,1
8399,1
8400,1
8404,0
8405,1
8408,1
8415,1
8419,1
8423,1
8428,0
8429,1
8430,1
8432,1
8436,0
8446,0
8450,1
8453,1
8454,0
8455,1
8457,0
8460,0
8469,0
8470,0
8471,1
8472,1
8487,1
8489,0
8491,1
8494,1
8508,1
8525,0
8526,0
8531,1
8533,1
8544,0
8550,1
8553,1
8555,0
8557,1
8558,1
8562,1
8568,1
8571,1
8577,1
8579,0
8583,0
8590,0
8592,0
8600,0
8609,1
8618,0
8622,1
8627,1
8632,0
8634,1
8636,0
8637,1
8643,1
8648,0
8650,0
8652,1
8661,0
8662,1
8664,0
8668,0
8677,0
8678,0
8685,0
8687,1
8688,1
8691,1
8692,0
8700,1
8703,1
8704,1
8706,0
8713,1
8721,1
8722,0
8727,0
8729,1
8732,1
8734,0
8740,1
8746,0
8754,1
8756,1
8761,1
8765,0
8768,1
8774,1
8775,0
8780,0
8781,1
8782,0
8785,1
8786,1
8793,0
8795,0
8800,1
8804,0
8810,0
8814,0
8823,0
8826,1
8828,1
8829,0
8831,1
8832,0
8840,0
8841,1
8845,0
8851,0
8854,1
8862,0
8864,0
8867,1
8871,0
8872,1
8878,1
8880,0
8882,0
8892,0
8895,1
8898,1
8905,0
8909,0
8915,1
8929,0
8933,0
8937,1
8943,0
8945,0
8949,0
8955,0
8956,1
8957,1
8967,0
8972,1
8984,1
8985,1
8987,1
8992,1
8996,0
8997,1
9014,1
9015,0
9019,0
9020,1
9022,1
9026,1
9027,0
9028,0
9037,1
9038,1
9044,0
9046,1
9048,1
9050,0
9055,0
9056,0
9061,0
9062,1
9071,1
9074,0
9075,1
9076,1
9081,0
9084,0
9088,1
9090,0
9093,1
9095,1
9097,0
9098,1
9107,0
9108,1
9120,0
9122,0
9130,0
9135,0
9137,0
9138,1
9140,1
9141,1
9144,1
9145,1
9151,1
9165,0
9166,1
9168,0
9177,1
9178,1
9179,1
9180,0
9186,0
9189,1
9190,0
9197,1
9200,0
9203,0
9204,1
9208,1
9210,1
9212,1
9216,1
9231,0
9237,0
9238,1
9241,1
9242,1
9245,1
9246,0
9248,1
9253,0
9266,0
9267,1
9268,0
9269,0
9273,1
9279,1
9281,1
9286,1
9287,1
9291,0
9295,1
9302,1
9306,0
9310,0
9320,0
9323,0
9338,1
9341,1
9343,0
9350,0
9369,0
9372,1
9374,1
9376,0
9387,0
9393,1
9395,1
9396,1
9397,0
9400,0
9408,0
9409,0
9410,0
9414,0
9417,1
9419,0
9422,1
9425,0
9428,0
9431,1
9434,0
9435,0
9439,0
9441,1
9443,1
9447,0
9456,0
9459,1
9461,1
9462,0
9465,1
9466,0
9468,1
9470,1
9474,1
9482,0
9484,0
9493,0
9496,1
9499,0
9504,0
9505,0
9507,1
9516,0
9520,1
9521,1
9522,1
9526,0
9535,1
9545,0
9548,0
9555,1
9556,1
9557,1
9560,0
9565,0
9577,0
9581,0
9582,1
9588,0
9607,1
9613,1
9614,1
9616,0
9626,1
9631,0
9633,1
9638,1
9640,1
9643,1
9644,1
9656,1
9660,0
9667,0
9668,0
9680,0
9689,1
9690,1
9697,1
9701,1
9702,0
9710,1
9713,1
9717,0
9729,1
9735,1
9736,1
9740,0
9741,0
9748,1
9752,0
9759,1
9763,0
9768,1
9769,0
9774,1
9776,0
9778,1
9784,0
9787,0
9788,1
9789,1
9791,0
9793,1
9798,1
9806,0
9808,0
9813,1
9814,0
9817,1
9818,1
9822,1
9833,0
9834,1
9846,0
9851,0
9854,0
9855,0
9860,1
9862,1
9866,0
9877,1
9882,1
9895,1
9905,1
9909,1
9916,0
9917,1
9919,1
9923,1
9926,0
9929,1
9945,0
9952,1
9953,1
9955,0
9961,0
9966,0
9970,1
9972,0
9974,1
9980,0
9984,1
9988,1
9992,1
9999,1
10007,1
10012,1
10015,0
10016,0
10018,0
10021,1
10031,0
10033,0
10035,0
10038,0
10039,0
10043,1
10047,0
10054,1
10060,1
10064,1
10065,0
10073,0
10076,0
10078,1
10079,1
10084,0
10088,0
10089,1
10090,0
10091,0
10096,0
10100,0
10106,0
10107,0
10108,1
10109,1
10111,0
10116,0
10117,0
10120,1
10123,0
10139,1
10141,1
10148,0
10150,0
10158,1
10159,0
10161,1
10163,0
10167,1
10168,0
10170,0
10171,0
10173,0
10174,0
10178,0
10179,0
10191,1
10194,1
10195,0
10197,0
10224,1
10225,1
10231,0
10232,1
10235,0
10236,0
10241,1
10243,1
10244,1
10246,1
10248,1
10251,1
10253,0
10254,1
10255,1
10257,1
10258,1
10259,1
10260,1
10269,0
10270,1
10271,1
10276,1
10277,0
10287,0
10290,0
10291,0
10295,0
10296,0
10300,0
10312,1
10320,1
10324,0
10329,1
10334,0
10337,0
10338,1
10339,0
10346,0
10351,0
10358,0
10359,0
10360,0
10361,1
10365,1
10372,0
10373,0
10376,1
10377,1
10378,0
10382,1
10385,0
10386,0
10387,0
10389,0
10390,0
10398,0
10400,0
10405,1
10406,1
10410,0
10411,1
10414,0
10416,1
10419,0
10420,0
10421,1
10422,0
10424,1
10428,1
10431,1
10432,0
10433,1
10437,0
10442,1
10444,1
10445,0
10446,1
10448,1
10454,0
10456,0
10462,0
10464,0
10471,0
10472,1
10473,0
10477,1
10483,1
10485,1
10489,0
10499,0
10504,1
10506,0
10508,1
10515,1
10520,0
10522,0
10524,1
10528,1
10529,0
10534,1
10542,0
10548,1
10550,1
10556,1
10558,0
10561,0
10567,0
10568,1
10572,0
10576,1
10578,0
10579,0
10580,1
10583,0
10585,1
10588,1
10595,1
10597,0
10617,1
10620,0
10631,1
10632,0
10633,0
10635,0
10637,1
10642,0
10643,1
10645,0
10649,1
10650,1
10652,1
10659,0
10660,0
10661,1
10662,1
10663,0
10666,1
10670,1
10671,0
10677,0
10680,0
10688,0
10691,1
10693,1
10694,0
10699,1
10714,1
10718,1
10724,1
10730,1
10733,0
10736,1
10741,0
10748,0
10756,0
10764,0
10766,1
10770,1
10772,1
10773,1
10774,1
10782,0
10786,0
10791,0
10794,1
10796,1
10797,0
10800,0
10808,0
10809,1
10812,1
10813,0
10814,0
10818,0
10823,0
10824,0
10829,0
10843,0
10844,0
10849,1
10858,0
10871,1
10872,1
10875,1
10877,0
10878,0
10896,0
10898,0
10899,1
10902,0
10904,0
10908,1
10912,1
10914,1
10917,1
10919,1
10920,1
10922,1
10925,1
10926,0
10928,1
10938,0
10942,0
10947,1
10950,0
10952,0
10955,1
10965,1
10968,0
10970,1
10977,1
10980,1
10982,0
10983,1
10986,0
10988,0
10992,1
10998,1
10999,1
11003,1
11010,0
11015,1
11016,0
11021,1
11026,1
11028,0
11033,1
11038,0
11041,0
11042,0
11052,0
11053,1
11057,1
11058,0
11059,0
11062,0
11068,0
11070,1
11078,1
11081,1
11082,1
11085,0
11086,0
11087,0
11088,1
11089,1
11094,1
11096,0
11100,1
11105,0
11108,0
11120,1
11121,0
11124,0
11128,0
11133,1
11138,1
11140,0
11141,1
11144,0
11145,0
11147,0
11153,1
11162,1
11163,1
11167,1
11171,1
11175,1
11176,0
11181,1
11187,1
11190,0
11192,0
11193,0
11198,0
11200,0
11203,0
11205,1
11211,0
11222,0
11225,0
11227,1
11234,1
11238,1
11240,0
11241,1
11254,1
11255,0
11260,1
11261,1
11264,1
11267,0
11271,0
11274,0
11278,0
11286,1
11288,0
11289,1
11291,0
11294,1
11302,0
11306,1
11308,0
11310,1
11313,1
11324,1
11332,0
11337,0
11339,0
11340,1
11352,0
11369,0
11372,0
11377,0
11379,1
11391,0
11395,0
11404,0
11412,0
11413,1
11415,0
11417,0
11422,1
11431,1
11433,1
11437,0
11443,0
11447,1
11458,0
11462,1
11466,1
11472,0
11473,0
11474,0
11478,0
11484,1
11489,1
11491,1
11492,1
11493,1
11496,0
11499,1
11502,0
11506,1
11507,0
11510,1
11519,0
11523,0
11525,1
11534,0
11536,0
11538,0
11540,0
11542,1
11550,1
11551,0
11552,1
11553,0
11559,1
11568,0
11569,0
11574,0
11578,0
11579,1
11580,0
11581,1
11583,0
11584,0
11586,1
11588,0
11591,1
11594,1
11599,1
11603,0
11604,1
11606,0
11607,0
11615,1
11620,0
11623,1
11625,1
11628,0
11630,0
11636,0
11638,1
11639,0
11642,1
11647,1
11653,1
11655,0
11656,0
11659,1
11664,1
11668,0
11670,1
11672,0
11673,1
11676,1
11686,1
11696,1
11700,1
11707,0
11709,0
11710,0
11717,1
11728,1
11729,1
11733,1
11734,1
11736,1
11753,0
11758,1
11759,1
11760,0
11763,0
11770,0
11771,1
11778,1
11781,0
11784,0
11785,0
11787,1
11790,0
11792,0
11794,1
11796,0
11797,0
11800,1
11802,0
11804,0
11810,1
11819,1
11829,1
11830,1
11832,0
11833,1
11842,1
11843,0
11847,1
11848,1
11849,1
11850,0
11856,1
11857,1
11862,1
11864,1
11874,0
11875,0
11877,0
11882,0
11884,0
11885,0
11893,1
11896,0
11900,0
11901,1
11902,1
11908,0
11909,0
11910,1
11915,0
11926,0
11928,0
11935,1
11937,1
11938,0
11942,0
11944,0
11947,0
11951,0
11958,1
11961,0
11962,1
11967,1
11971,1
11972,0
11976,0
11977,0
11979,0
11980,0
11981,1
11986,0
11989,1
11991,1
12001,1
12002,0
12004,1
12005,1
12006,1
12009,0
12014,0
12018,1
12019,1
12022,1
12033,0
12039,0
12040,0
12043,1
12048,0
12050,0
12051,1
12054,1
12059,1
12060,0
12062,0
12064,0
12067,1
12070,0
12072,1
12078,0
12081,0
12082,1
12093,1
12117,0
12120,0
12122,1
12126,1
12129,1
12131,0
12133,0
12135,1
12136,1
12141,0
12147,1
12155,0
12157,1
12159,1
12160,0
12161,1
12163,1
12172,1
12178,1
12179,1
12186,1
12195,1
12198,1
12199,1
12207,1
12208,0
12209,1
12217,0
12218,1
12219,0
12223,0
12228,1
12229,1
12236,0
12247,1
12248,0
12252,1
12254,0
12255,0
12257,0
12258,0
12259,1
12260,1
12263,0
12264,1
12267,1
12273,1
12276,0
12278,0
12284,1
12295,0
12298,1
12300,0
12321,0
12326,0
12332,1
12337,1
12340,0
12342,1
12344,0
12350,0
12359,0
12360,1
12366,1
12370,1
12379,1
12383,0
12386,1
12395,0
12396,1
12399,0
12405,1
12427,1
12428,0
12432,1
12448,0
12450,0
12452,0
12461,1
12467,0
12471,1
12474,0
12484,1
12485,1
12486,1
12498,1
12502,1
12505,0
12507,1
12512,1
12513,0
12522,0
12527,1
12528,0
12531,0
12536,1
12539,1
12540,1
12548,1
12552,0
12557,0
12561,0
12570,1
12573,0
12585,1
12586,1
12589,0
12601,0
12604,0
12608,0
12611,1
12615,1
12618,1
12619,0
12620,0
12631,0
12632,1
12634,0
12637,1
12638,0
12643,1
12644,1
12646,1
12647,1
12651,0
12652,1
12668,1
12670,0
12676,0
12680,0
12681,1
12683,0
12688,1
12689,1
12695,0
12697,1
12699,0
12706,1
12711,1
12712,1
12714,0
12720,0
12721,1
12722,0
12723,1
12725,1
12727,1
12728,1
12729,0
12733,1
12737,1
12738,1
12739,1
12758,1
12760,0
12764,1
12777,0
12787,1
12789,0
12792,0
12793,0
12798,1
12800,0
12806,1
12811,1
12813,1
12814,0
12815,0
12818,0
12820,1
12821,0
12826,1
12829,0
12831,1
12833,0
12837,0
12849,0
12851,1
12857,1
12862,1
12863,1
12864,0
12867,1
12869,0
12879,1
12881,0
12882,1
12885,1
12894,0
12895,0
12897,0
12898,1
12900,0
12901,0
12905,1
12911,0
12912,1
12928,1
12933,0
12942,0
12944,0
12945,0
12951,0
12959,1
12966,1
12968,0
12969,0
12978,0
12985,0
12986,1
12987,1
12988,0
12992,1
12999,1
13001,0
13005,1
13007,1
13017,1
13033,1
13037,1
13039,0
13040,1
13042,0
13048,0
13051,0
13056,1
13057,1
13058,0
13061,0
13065,1
13069,1
13074,1
13077,0
13082,1
13086,0
13088,1
13090,1
13092,1
13097,0
13100,1
13107,0
13113,1
13118,1
13122,0
13123,0
13126,1
13127,0
13130,0
13138,1
13140,0
13146,0
13147,1
13149,1
13152,0
13155,1
13156,1
13164,1
13169,0
13171,0
13174,0
13186,0
13189,1
13191,0
13192,1
13198,0
13199,1
13201,1
13208,1
13218,0
13219,1
13224,0
13225,1
13227,1
13229,1
13237,1
13250,0
13252,1
13254,0
13258,1
13259,0
13262,0
13263,0
13265,1
13269,0
13271,0
13274,1
13276,1
13279,1
13280,0
13283,0
13284,0
13285,1
13286,1
13290,1
13291,1
13292,1
13295,1
13304,0
13307,0
13309,0
13310,1
13312,1
13313,0
13324,0
13327,0
13328,0
13329,1
13332,1
13337,0
13345,0
13348,1
13349,0
13350,0
13351,1
13352,1
13368,0
13372,0
13375,1
13376,0
13382,1
13384,0
13386,0
13388,1
13395,1
13396,0
13397,0
13402,1
13403,0
13405,1
13413,0
13416,1
13421,1
13428,1
13435,1
13443,1
13444,1
13449,0
13457,1
13458,1
13459,1
13464,0
13470,1
13473,1
13478,0
13479,0
13481,1
13487,0
13488,0
13493,0
13500,0
13508,1
13510,0
13513,0
13515,0
13516,1
13520,1
13526,1
13527,1
13533,0
13534,1
13540,1
13542,0
13544,1
13546,1
13548,1
13550,0
13552,0
13557,0
13570,0
13573,0
13575,1
13585,1
13586,1
13590,1
13591,1
13592,1
13593,1
13596,0
13598,0
13615,0
13618,1
13624,0
13626,0
13630,0
13635,0
13639,1
13645,1
13660,0
13665,1
13669,1
13675,1
13678,0
13683,0
13688,0
13691,0
13698,0
13707,1
13709,1
13712,0
13715,1
13716,1
13719,0
13720,1
13722,1
13724,0
13729,0
13735,0
13737,1
13742,1
13745,0
13746,0
13754,1
13757,0
13759,0
13760,1
13766,1
13767,0
13774,1
13775,0
13784,1
13787,1
13789,1
13790,1
13791,1
13794,0
13800,0
13801,1
13807,1
13812,1
13815,1
13819,0
13849,1
13852,1
13858,1
13860,0
13861,0
13870,0
13874,1
13883,1
13888,0
13894,0
13896,0
13902,1
13905,0
13906,0
13907,0
13909,0
13912,0
13914,0
13921,1
13922,1
13923,0
13924,0
13928,0
13929,0
13934,0
13935,1
13936,0
13938,1
13944,1
13951,0
13954,0
13955,0
13957,1
13963,0
13972,0
13974,1
13981,1
13987,0
13997,0
13999,0
14001,0
14005,0
14008,0
14010,0
14017,0
14023,0
14028,0
14030,1
14031,0
14036,0
14037,1
14039,0
14041,1
14048,1
14049,1
14050,1
14059,1
14062,1
14066,1
14068,0
14071,0
14073,0
14077,1
14079,1
14085,1
14089,0
14090,1
14092,0
14093,0
14097,1
14099,0
14105,0
14117,1
14118,0
14124,1
14126,1
14135,1
14138,1
14139,1
14154,0
14155,1
14159,1
14162,0
14163,0
14171,0
14175,1
14176,1
14178,0
14179,1
14180,1
14190,1
14192,0
14193,0
14199,0
14202,1
14210,1
14219,0
14229,0
14231,0
14237,1
14238,0
14244,0
14247,1
14250,0
14252,0
14257,1
14259,0
14262,1
14267,0
14274,0
14276,1
14280,0
14282,0
14283,1
14285,1
14286,1
14290,1
14305,0
14311,0
14312,0
14314,0
14321,0
14323,1
14327,0
14330,1
14333,0
14335,1
14337,1
14343,1
14344,0
14353,1
14354,1
14358,1
14361,0
14363,0
14370,0
14377,1
14378,1
14384,0
14389,0
14410,0
14412,0
14416,1
14417,0
14420,0
14421,1
14425,1
14429,0
14438,0
14441,1
14445,1
14453,1
14455,0
14458,0
14462,1
14464,1
14466,0
14467,0
14468,0
14469,0
14473,0
14474,1
14482,1
14484,0
14491,1
14500,0
14502,1
14505,0
14506,0
14512,0
14516,1
14517,1
14519,1
14528,0
14530,1
14531,0
14532,1
14534,1
14535,0
14538,1
14539,0
14540,1
14542,0
14545,0
14551,0
14552,1
14557,0
14558,0
14561,1
14566,0
14568,1
14569,1
14574,0
14576,1
14577,1
14585,0
14587,0
14590,0
14592,0
14600,0
14612,1
14625,1
14626,1
14627,0
14628,1
14632,1
14633,1
14635,1
14636,1
14642,1
14648,0
14657,1
14659,1
14661,1
14662,1
14670,0
14671,0
14674,1
14678,1
14688,1
14694,0
14702,0
14704,0
14711,0
14720,1
14721,0
14722,1
14728,0
14732,1
14733,1
14739,0
14743,0
14744,0
14747,1
14749,0
14754,1
14760,1
14764,1
14774,0
14779,0
14781,0
14784,1
14785,1
14790,0
14795,1
14796,1
14797,1
14800,0
14807,0
14812,0
14823,0
14825,1
14834,0
14837,1
14839,0
14842,0
14845,1
14853,0
14861,1
14862,1
14863,0
14866,1
14874,0
14881,1
14889,0
14892,1
14898,1
14901,0
14907,1
14908,1
14913,1
14917,0
14927,0
14935,0
14937,1
14947,0
14953,0
14954,0
14957,0
14959,0
14961,1
14962,1
14967,0
14970,0
14971,0
14974,0
14975,0
14978,1
14980,1
14982,0
14984,0
14986,0
14994,0
14997,1
14998,0
15001,1
15007,1
15013,0
15032,0
15041,1
15052,0
15062,1
15067,1
15071,0
15079,0
15081,0
15089,1
15098,1
15099,1
15101,0
15104,0
15106,0
15107,1
15108,0
15112,1
15123,0
15125,0
15129,0
15132,0
15137,0
15138,1
15139,1
15143,1
15152,0
15176,1
15177,0
15179,1
15193,0
15197,0
15202,1
15209,1
15211,1
15212,1
15217,1
15225,1
15226,1
15230,0
15239,1
15249,0
15251,0
15253,0
15258,1
15259,1
15261,1
15263,1
15271,0
15280,0
15281,0
15282,1
15285,0
15288,0
15289,1
15290,0
15295,0
15299,1
15302,0
15304,0
15306,0
15307,1
15311,1
15314,1
15323,0
15326,0
15331,0
15333,0
15335,0
15358,0
15361,0
15363,0
15365,1
15370,0
15371,0
15372,1
15376,0
15383,1
15392,0
15398,1
15400,1
15405,1
15406,1
15409,0
15410,0
15412,0
15416,0
15432,0
15433,0
15440,0
15441,0
15445,1
15446,1
15447,0
15453,0
15457,0
15464,0
15468,1
15477,0
15478,0
15485,1
15488,1
15491,1
15492,0
15494,1
15497,1
15505,0
15508,1
15510,0
15512,1
15514,1
15515,0
15519,1
15522,0
15533,1
15534,0
15536,1
15542,0
15547,0
15548,1
15556,1
15569,0
15570,0
15574,0
15575,1
15576,0
15584,0
15588,1
15594,1
15595,0
15598,1
15599,0
15602,0
15605,1
15606,1
15608,0
15610,0
15611,0
15614,1
15625,1
15627,1
15632,1
15640,0
15649,0
15651,1
15662,0
15664,1
15665,1
15673,0
15675,1
15678,1
15682,0
15686,1
15689,0
15691,0
15693,1
15696,1
15697,1
15698,0
15702,0
15703,1
15705,0
15708,1
15710,1
15711,0
15714,1
15717,1
15725,1
15729,0
15734,1
15740,0
15741,0
15746,0
15749,1
15753,0
15764,1
15783,1
15787,0
15788,0
15790,1
15795,1
15802,1
15803,1
15805,0
15808,1
15811,1
15816,0
15817,1
15820,1
15824,0
15825,0
15826,0
15830,0
15831,0
15841,1
15843,0
15844,1
15845,1
15850,1
15852,1
15855,1
15865,1
15866,1
15867,0
15875,1
15882,1
15884,1
15894,1
15897,1
15903,0
15907,1
15911,1
15912,1
15916,0
15920,0
15924,1
15927,0
15929,0
15930,1
15934,0
15935,0
15940,0
15942,1
15948,0
15951,1
15967,1
15969,0
15973,0
15974,1
15976,0
15978,0
15980,0
15983,0
15986,0
15988,0
16003,1
16011,0
16014,1
16018,0
16025,1
16028,0
16030,0
16035,1
16042,1
16048,0
16050,0
16052,1
16059,0
16069,0
16070,0
16072,1
16076,0
16079,1
16086,1
16090,0
16092,1
16101,0
16105,0
16109,0
16117,0
16121,1
16124,1
16131,0
16140,0
16144,1
16148,0
16157,0
16160,1
16168,0
16173,1
16179,1
16181,1
16187,1
16192,1
16195,0
16211,1
16218,0
16220,1
16222,0
16225,1
16226,0
16227,1
16228,1
16243,1
16244,0
16250,1
16252,1
16256,0
16259,0
16260,1
16261,1
16262,1
16269,1
16270,1
16282,1
16286,1
16290,1
16294,0
16301,0
16304,1
16312,1
16318,0
16325,1
16339,1
16343,0
16351,1
16354,1
16356,0
16357,0
16358,1
16366,0
16369,0
16373,1
16374,1
16376,1
16377,0
16379,0
16380,1
16385,1
16387,0
16396,1
16407,1
16408,0
16410,1
16412,0
16413,0
16419,1
16425,0
16432,1
16434,1
16454,0
16455,0
16457,0
16460,1
16466,1
16468,0
16477,1
16478,0
16482,0
16484,0
16496,1
16507,0
16509,0
16513,1
16514,1
16515,1
16519,1
16522,1
16524,1
16525,1
16527,1
16532,1
16541,0
16542,1
16545,1
16550,1
16553,1
16567,0
16568,1
16573,0
16577,1
16578,1
16581,1
16583,1
16584,0
16587,0
16590,1
16593,1
16600,0
16603,1
16604,1
16609,1
16615,1
16616,0
16617,0
16628,1
16629,1
16632,1
16636,0
16639,1
16640,1
16642,0
16646,1
16647,1
16649,1
16664,0
16672,0
16678,0
16681,1
16686,1
16688,0
16689,1
16692,1
16696,0
16700,1
16709,0
16710,0
16717,1
16720,1
16731,0
16737,1
16739,1
16740,1
16741,0
16743,1
16746,1
16748,0
16749,1
16756,0
16768,1
16774,0
16776,0
16777,0
16779,1
16780,1
16786,1
16787,0
16790,1
16793,0
16801,1
16804,1
16806,0
16807,1
16808,0
16809,1
16810,0
16812,0
16813,0
16815,1
16818,0
16822,1
16823,1
16826,1
16827,0
16829,0
16830,0
16832,1
16837,0
16838,0
16843,1
16848,1
16853,0
16857,1
16860,0
16865,0
16876,1
16879,1
16885,0
16887,0
16888,0
16892,0
16897,0
16898,1
16899,0
16903,0
16908,1
16915,1
16916,0
16920,0
16922,0
16928,0
16930,0
16931,0
16933,0
16946,0
16955,1
16960,0
16964,1
16967,0
16970,0
16971,0
16978,0
16979,0
16980,0
16982,0
16983,0
16987,0
16993,0
17001,0
17007,0
17008,0
17015,1
17017,1
17018,1
17019,0
17021,1
17022,0
17037,0
17040,0
17046,1
17048,1
17052,1
17053,1
17062,0
17070,0
17071,1
17072,1
17078,1
17084,0
17085,0
17089,0
17091,1
17098,0
17101,0
17103,0
17108,0
17112,1
17113,0
17115,0
17117,1
17119,1
17122,1
17123,0
17135,0
17141,0
17143,1
17144,1
17162,1
17163,0
17166,1
17167,0
17168,1
17170,1
17171,0
17174,0
17178,1
17179,1
17185,0
17189,1
17190,0
17197,1
17198,1
17199,0
17201,1
17204,1
17205,1
17212,1
17218,0
17233,1
17237,1
17241,0
17242,0
17244,1
17250,1
17258,0
17259,1
17260,0
17263,0
17265,1
17274,1
17275,1
17277,1
17279,1
17280,1
17283,0
17286,1
17290,1
17292,0
17293,0
17299,0
17300,1
17310,0
17313,0
17314,1
17315,1
17322,0
17324,0
17326,1
17329,1
17335,0
17337,1
17342,1
17344,0
17347,0
17354,1
17356,1
17358,1
17359,1
17366,1
17369,1
17371,0
17405,0
17411,0
17412,1
17415,1
17416,0
17426,0
17444,0
17449,0
17455,1
17456,1
17464,1
17465,1
17467,0
17468,0
17482,1
17484,1
17491,1
17496,0
17497,0
17501,1
17502,1
17503,0
17509,0
17525,0
17528,0
17534,0
17535,1
17537,1
17538,1
17541,0
17545,1
17547,1
17556,0
17558,1
17560,0
17561,0
17563,0
17572,0
17575,0
17577,0
17583,1
17586,1
17590,1
17600,1
17608,1
17611,1
17614,1
17621,0
17631,0
17632,1
17635,0
17641,0
17642,0
17650,0
17651,0
17653,0
17676,0
17680,1
17690,0
17691,0
17697,0
17707,1
17710,1
17713,1
17714,0
17715,0
17719,1
17726,0
17735,0
17742,0
17749,0
17750,0
17754,0
17765,1
17768,0
17770,1
17782,0
17785,0
17790,1
17792,0
17797,0
17806,0
17807,1
17808,1
17817,0
17820,0
17821,1
17823,1
17833,0
17834,1
17835,0
17838,1
17844,1
17852,0
17853,1
17854,1
17859,0
17861,1
17863,1
17885,1
17889,1
17893,1
17896,0
17897,0
17899,0
17901,1
17903,1
17904,0
17906,0
17909,0
17915,1
17919,1
17927,0
17931,0
17935,1
17937,0
17938,0
17940,1
17950,1
17956,1
17971,0
17974,0
17986,1
17990,0
17991,0
17995,1
17996,1
18002,1
18003,1
18006,1
18007,0
18015,0
18018,0
18024,0
18026,0
18028,0
18041,1
18044,1
18051,1
18054,0
18056,0
18060,0
18063,1
18073,0
18078,1
18084,1
18086,0
18087,0
18090,0
18091,1
18092,0
18105,0
18108,1
18110,1
18121,0
18122,0
18127,1
18128,0
18130,0
18135,0
18138,0
18139,0
18142,0
18143,1
18144,0
18145,1
18149,0
18161,1
18162,0
18163,0
18164,0
18187,0
18191,0
18198,0
18204,1
18206,0
18209,1
18215,0
18218,1
18219,1
18222,0
18223,1
18228,1
18229,1
18235,0
18237,1
18241,1
18242,0
18246,0
18248,0
18253,0
18255,1
18260,0
18263,0
18268,1
18269,0
18270,0
18273,0
18278,0
18284,1
18290,0
18291,1
18296,0
18302,0
18308,1
18310,1
18312,0
18314,1
18320,0
18323,1
18326,0
18350,0
18352,0
18356,1
18357,0
18363,1
18369,1
18375,0
18379,1
18385,1
18390,1
18392,0
18395,1
18397,1
18398,0
18399,1
18402,1
18410,1
18411,1
18412,0
18415,1
18418,0
18419,0
18421,0
18428,0
18430,0
18431,1
18432,0
18439,0
18442,1
18456,0
18460,1
18462,0
18464,1
18466,0
18472,0
18473,0
18481,1
18483,1
18487,1
18492,1
18498,1
18500,1
18510,1
18515,1
18516,0
18519,1
18522,1
18524,0
18532,0
18534,0
18536,0
18541,1
18544,0
18546,0
18551,1
18554,0
18555,0
18562,0
18563,0
18567,1
18569,0
18571,1
18576,0
18580,1
18581,0
18583,0
18587,0
18588,1
18592,1
18593,0
18599,0
18601,1
18607,0
18609,1
18611,1
18613,1
18619,0
18625,0
18626,0
18627,1
18630,1
18634,0
18643,1
18645,0
18657,0
18659,0
18667,0
18668,0
18669,0
18679,0
18680,1
18682,0
18685,1
18700,1
18701,0
18702,1
18703,0
18707,0
18714,0
18720,0
18726,0
18727,0
18739,1
18741,0
18754,0
18757,1
18759,0
18760,1
18763,0
18766,0
18771,1
18773,1
18777,1
18785,1
18796,0
18797,1
18800,0
18801,1
18806,1
18818,0
18825,0
18831,0
18832,1
18835,0
18841,1
18845,1
18876,1
